Link,Sub Categery,Main Categery
https://www.fiverr.com/categories/graphics-design/creative-logo-design,Logo Design,Graphics & Design
https://www.fiverr.com/categories/graphics-design/brand-style-guides,Brand Style Guides,Graphics & Design
https://www.fiverr.com/categories/graphics-design/game-design,Game Design,Graphics & Design
https://www.fiverr.com/categories/graphics-design/graphics-for-streamers,Graphics for Streamers,Graphics & Design
https://www.fiverr.com/categories/graphics-design/sample-business-cards-design,Business Cards & Stationery,Graphics & Design
https://www.fiverr.com/categories/graphics-design/digital-illustration,Illustration,Graphics & Design
https://www.fiverr.com/categories/graphics-design/pattern-design,Pattern Design,Graphics & Design
https://www.fiverr.com/categories/graphics-design/brochure-design,Brochure Design,Graphics & Design
https://www.fiverr.com/categories/graphics-design/poster-design,Poster Design,Graphics & Design
https://www.fiverr.com/categories/graphics-design/signage-design,Signage Design,Graphics & Design
https://www.fiverr.com/categories/graphics-design/flyer-design,Flyer Design,Graphics & Design
https://www.fiverr.com/categories/graphics-design/book-design,Book Design,Graphics & Design
https://www.fiverr.com/categories/graphics-design/album-cover-design,Album Cover Design,Graphics & Design
https://www.fiverr.com/categories/graphics-design/podcast-cover-art,Podcast Cover Art,Graphics & Design
https://www.fiverr.com/categories/graphics-design/product-packaging-design,Packaging Design,Graphics & Design
https://www.fiverr.com/categories/graphics-design/storyboards,Storyboards,Graphics & Design
https://www.fiverr.com/categories/graphics-design/web-plus-mobile-design,Web & Mobile Design,Graphics & Design
https://www.fiverr.com/categories/graphics-design/social-media-design,Social Media Design,Graphics & Design
https://www.fiverr.com/categories/graphics-design/ar-filters-lenses,AR Filters & Lenses,Graphics & Design
https://www.fiverr.com/categories/graphics-design/postcard-design,Postcard Design,Graphics & Design
https://www.fiverr.com/categories/graphics-design/catalog-design,Catalog Design,Graphics & Design
https://www.fiverr.com/categories/graphics-design/menu-design,Menu Design,Graphics & Design
https://www.fiverr.com/categories/graphics-design/invitations,Invitation Design,Graphics & Design
https://www.fiverr.com/categories/graphics-design/portraits-and-caricatures,Portraits & Caricatures,Graphics & Design
https://www.fiverr.com/categories/graphics-design/cartoons-and-comics,Cartoons & Comics,Graphics & Design
https://www.fiverr.com/categories/graphics-design/tattoo-design,Tattoo Design,Graphics & Design
https://www.fiverr.com/categories/graphics-design/banner-ads,Web Banners,Graphics & Design
https://www.fiverr.com/categories/graphics-design/buy-photos-online-photoshopping,Photoshop Editing,Graphics & Design
https://www.fiverr.com/categories/graphics-design/architectural-design-services,Architecture & Interior Design,Graphics & Design
https://www.fiverr.com/categories/graphics-design/landscape-design,Landscape Design,Graphics & Design
https://www.fiverr.com/categories/graphics-design/bim-services,Building Information Modeling,Graphics & Design
https://www.fiverr.com/categories/graphics-design/character-modeling,Character Modeling,Graphics & Design
https://www.fiverr.com/categories/graphics-design/product-design-services,Industrial & Product Design,Graphics & Design
https://www.fiverr.com/categories/graphics-design/booth-design,Trade Booth Design,Graphics & Design
https://www.fiverr.com/categories/graphics-design/t-shirts,T-Shirts & Merchandise,Graphics & Design
https://www.fiverr.com/categories/graphics-design/presentations-design,Presentation Design,Graphics & Design
https://www.fiverr.com/categories/graphics-design/infographics-design,Infographic Design,Graphics & Design
https://www.fiverr.com/categories/graphics-design/resume-design,Resume Design,Graphics & Design
https://www.fiverr.com/categories/graphics-design/car-wrap-design,Car Wraps,Graphics & Design
https://www.fiverr.com/categories/graphics-design/vector-tracing,Vector Tracing,Graphics & Design

https://www.fiverr.com/categories/online-marketing/social-marketing,Social Media Marketing,Digital Marketing
https://www.fiverr.com/categories/online-marketing/seo-services,SEO,Digital Marketing
https://www.fiverr.com/categories/online-marketing/social-media-advertising,Social Media Advertising,Digital Marketing
https://www.fiverr.com/categories/online-marketing/public-relations,Public Relations,Digital Marketing
https://www.fiverr.com/categories/online-marketing/content-marketing,Content Marketing,Digital Marketing
https://www.fiverr.com/categories/online-marketing/podcast-marketing,Podcast Marketing,Digital Marketing
https://www.fiverr.com/categories/online-marketing/online-video-marketing,Video Marketing,Digital Marketing
https://www.fiverr.com/categories/online-marketing/email-marketing,Email Marketing,Digital Marketing
https://www.fiverr.com/categories/online-marketing/crowdfunding,Crowdfunding,Digital Marketing
https://www.fiverr.com/categories/online-marketing/search-engine-marketing,SEM,Digital Marketing
https://www.fiverr.com/categories/online-marketing/marketing-strategy,Marketing Strategy,Digital Marketing
https://www.fiverr.com/categories/online-marketing/surveys,Surveys,Digital Marketing
https://www.fiverr.com/categories/online-marketing/web-analytics-services,Web Analytics,Digital Marketing
https://www.fiverr.com/categories/online-marketing/book-marketing-services,Book & eBook Marketing,Digital Marketing
https://www.fiverr.com/categories/online-marketing/influencer-marketing,Influencer Marketing,Digital Marketing
https://www.fiverr.com/categories/online-marketing/local-seo-services,Local SEO,Digital Marketing
https://www.fiverr.com/categories/online-marketing/domain-research-services,Domain Research,Digital Marketing
https://www.fiverr.com/categories/online-marketing/e-commerce-marketing,E-Commerce Marketing,Digital Marketing
https://www.fiverr.com/categories/online-marketing/mobile-advertising,Mobile Marketing & Advertising,Digital Marketing
https://www.fiverr.com/categories/online-marketing/music-promotion,Music Promotion,Digital Marketing
https://www.fiverr.com/categories/online-marketing/website-traffic,Web Traffic,Digital Marketing
https://www.fiverr.com/categories/online-marketing/writing-press-releases,Press Releases,Writing & Translation

https://www.fiverr.com/categories/writing-translation/articles-blogposts,Articles & Blog Posts,Writing & Translation
https://www.fiverr.com/categories/writing-translation/resume-writing,Resume Writing,Writing & Translation
https://www.fiverr.com/categories/writing-translation/proofreading-editing,Proofreading & Editing,Writing & Translation
https://www.fiverr.com/categories/writing-translation/tone-of-voice,Brand Voice & Tone,Writing & Translation
https://www.fiverr.com/categories/writing-translation/technical-writing-services,Technical Writing,Writing & Translation
https://www.fiverr.com/categories/writing-translation/cover-letter-services,Cover Letters,Writing & Translation
https://www.fiverr.com/categories/writing-translation/linkedin-profile-services,LinkedIn Profiles,Writing & Translation
https://www.fiverr.com/categories/writing-translation/quality-translation-services,Translation,Writing & Translation
https://www.fiverr.com/categories/writing-translation/white-papers,White Papers,Writing & Translation
https://www.fiverr.com/categories/writing-translation/ux-writing,UX Writing,Writing & Translation
https://www.fiverr.com/categories/writing-translation/language-lessons,Online Language Lessons,Writing & Translation
https://www.fiverr.com/categories/writing-translation/podcast,Podcast Writing,Writing & Translation
https://www.fiverr.com/categories/writing-translation/case-study-writing,Case Studies,Writing & Translation
https://www.fiverr.com/categories/writing-translation/grant-writing-services,Grant Writing,Writing & Translation
https://www.fiverr.com/categories/writing-translation/social-media-copywriting,Social Media Copy,Writing & Translation
https://www.fiverr.com/categories/writing-translation/sales-copy,Sales Copy,Writing & Translation
https://www.fiverr.com/categories/writing-translation/research-summaries,Research & Summaries,Writing & Translation
https://www.fiverr.com/categories/writing-translation/transcription,Transcripts,Writing & Translation
https://www.fiverr.com/categories/writing-translation/legal-writing,Legal Writing,Writing & Translation
https://www.fiverr.com/categories/writing-translation/product-description,Product Descriptions,Writing & Translation
https://www.fiverr.com/categories/writing-translation/website-content,Website Content,Writing & Translation
https://www.fiverr.com/categories/writing-translation/business-names-and-slogans,Business Names & Slogans,Writing & Translation
https://www.fiverr.com/categories/writing-translation/script-writing,Scriptwriting,Writing & Translation
https://www.fiverr.com/categories/writing-translation/book-and-ebook-writing,Book & eBook Writing,Writing & Translation
https://www.fiverr.com/categories/writing-translation/book-editing,Book Editing,Writing & Translation
https://www.fiverr.com/categories/writing-translation/email-copy,Email Copy,Writing & Translation
https://www.fiverr.com/categories/writing-translation/speech-writing,Speechwriting,Writing & Translation
https://www.fiverr.com/categories/writing-translation/creative-writing,Creative Writing,Writing & Translation
https://www.fiverr.com/categories/writing-translation/beta-reader,Beta Reading,Writing & Translation

https://www.fiverr.com/categories/video-animation/whiteboard-explainer-videos,Whiteboard & Animated Explainers,Video & Animation
https://www.fiverr.com/categories/video-animation/video-editing,Video Editing,Video & Animation
https://www.fiverr.com/categories/video-animation/short-video-ads,Short Video Ads,Video & Animation
https://www.fiverr.com/categories/video-animation/animated-gifs,Animated GIFs,Video & Animation
https://www.fiverr.com/categories/video-animation/logo-animation-services,Logo Animation,Video & Animation
https://www.fiverr.com/categories/video-animation/video-intro-and-outro,Intros & Outros,Video & Animation
https://www.fiverr.com/categories/video-animation/app-website-previews,App & Website Previews,Video & Animation
https://www.fiverr.com/categories/video-animation/live-action-videos,Live Action Explainers,Video & Animation
https://www.fiverr.com/categories/video-animation/animated-characters-modeling,Character Animation,Video & Animation
https://www.fiverr.com/categories/video-animation/3d-product-animation,3D Product Animation,Video & Animation
https://www.fiverr.com/categories/video-animation/buy-spokesperson-video,Spokespersons Videos,Video & Animation
https://www.fiverr.com/categories/video-animation/unboxing-videos,Unboxing Videos,Video & Animation
https://www.fiverr.com/categories/video-animation/music-videos,Lyric & Music Videos,Video & Animation
https://www.fiverr.com/categories/video-animation/elearning-video-production,eLearning Video Production,Video & Animation
https://www.fiverr.com/categories/video-animation/subtitles-captions,Subtitles & Captions,Video & Animation
https://www.fiverr.com/categories/video-animation/visual-effects,Visual Effects,Video & Animation
https://www.fiverr.com/categories/video-animation/animation-for-kids,Animation for Kids,Video & Animation
https://www.fiverr.com/categories/video-animation/slideshow-videos,Slideshows Videos,Video & Animation
https://www.fiverr.com/categories/video-animation/screencasting-videos,Screencasting Videos,Video & Animation
https://www.fiverr.com/categories/video-animation/game-trailers,Game Trailers,Video & Animation
https://www.fiverr.com/categories/video-animation/book-trailers,Book Trailers,Video & Animation
https://www.fiverr.com/categories/video-animation/animation-for-streamers,Animation for Streamers,Video & Animation
https://www.fiverr.com/categories/video-animation/article-to-video,Article to Video,Video & Animation
https://www.fiverr.com/categories/video-animation/real-estate-promos,Real Estate Promos,Video & Animation
https://www.fiverr.com/categories/video-animation/product-photography,Product Photography,Video & Animation
https://www.fiverr.com/categories/video-animation/local-photographers,Local Photography,Video & Animation

https://www.fiverr.com/categories/music-audio/voice-overs
https://www.fiverr.com/categories/music-audio/mixing-mastering
https://www.fiverr.com/categories/music-audio/producers-composers
https://www.fiverr.com/categories/music-audio/singers-vocalists
https://www.fiverr.com/categories/music-audio/session-musicians
https://www.fiverr.com/categories/music-audio/online-music-lessons
https://www.fiverr.com/categories/music-audio/songwriters
https://www.fiverr.com/categories/music-audio/podcast-editing
https://www.fiverr.com/categories/music-audio/audiobook-production
https://www.fiverr.com/categories/music-audio/audio-ads-production
https://www.fiverr.com/categories/music-audio/sound-design
https://www.fiverr.com/categories/music-audio/dj-drops-tags
https://www.fiverr.com/categories/music-audio/dialogue-editing
https://www.fiverr.com/categories/music-audio/music-transcription
https://www.fiverr.com/categories/music-audio/vocal-tuning
https://www.fiverr.com/categories/music-audio/jingles-intros

https://www.fiverr.com/categories/programming-tech/wordpress-services
https://www.fiverr.com/categories/programming-tech/web-cms-services
https://www.fiverr.com/categories/programming-tech/ecommerce-services
https://www.fiverr.com/categories/programming-tech/game-development
https://www.fiverr.com/categories/programming-tech/development-for-streamers
https://www.fiverr.com/categories/programming-tech/mobile-app-services
https://www.fiverr.com/categories/programming-tech/web-programming-services
https://www.fiverr.com/categories/programming-tech/desktop-app-services
https://www.fiverr.com/categories/programming-tech/online-coding-lessons
https://www.fiverr.com/categories/programming-tech/chatbots
https://www.fiverr.com/categories/programming-tech/cybersecurity-data-protection
https://www.fiverr.com/categories/programming-tech/support-it-services
https://www.fiverr.com/categories/programming-tech/data-analysis-services
https://www.fiverr.com/categories/programming-tech/file-conversion-services
https://www.fiverr.com/categories/programming-tech/database-programming-services
https://www.fiverr.com/categories/programming-tech/user-testing-services
https://www.fiverr.com/categories/programming-tech/qa-services

https://www.fiverr.com/categories/business/ecommerce-management
https://www.fiverr.com/categories/business/virtual-assistant-services
https://www.fiverr.com/categories/business/data-entry
https://www.fiverr.com/categories/business/market-research-reports
https://www.fiverr.com/categories/business/business-plans
https://www.fiverr.com/categories/business/project-management
https://www.fiverr.com/categories/business/hr-consulting
https://www.fiverr.com/categories/business/branding-services
https://www.fiverr.com/categories/business/legal-consulting-services
https://www.fiverr.com/categories/business/financial-consulting-services
https://www.fiverr.com/categories/business/business-tips
https://www.fiverr.com/categories/business/online-presentations
https://www.fiverr.com/categories/business/career-counseling
https://www.fiverr.com/categories/business/flyer-distribution
https://www.fiverr.com/categories/business/lead-generation-services

https://www.fiverr.com/categories/lifestyle/gaming
https://www.fiverr.com/categories/lifestyle/online-private-lessons
https://www.fiverr.com/categories/lifestyle/astrology-fortune-telling-reading
https://www.fiverr.com/categories/lifestyle/spiritual-healing
https://www.fiverr.com/categories/lifestyle/fitness-lessons
https://www.fiverr.com/categories/lifestyle/personal-stylists
https://www.fiverr.com/categories/lifestyle/cooking-lessons
https://www.fiverr.com/categories/lifestyle/craft-lessons
https://www.fiverr.com/categories/lifestyle/arts-crafts-gifts
https://www.fiverr.com/categories/lifestyle/relationship-advice-for-men-woman
https://www.fiverr.com/categories/lifestyle/health-fitness-tips
https://www.fiverr.com/categories/lifestyle/family-genealogy
https://www.fiverr.com/categories/lifestyle/greeting-cards-videos-online
https://www.fiverr.com/categories/lifestyle/promote-your-message
https://www.fiverr.com/categories/lifestyle/viral-videos
https://www.fiverr.com/categories/lifestyle/celebrity-impersonators
https://www.fiverr.com/categories/lifestyle/collectibles,Collectibles
https://www.fiverr.com/categories/lifestyle/traveling,Traveling